INSERT INTO rule_risk_section (id, indicator_code, risk_type, crime_type, risk_point, section_order)
VALUES
    (100501, '1214_1005', '基础调查', '-', '确认被预警的大宗交易事实、价格偏离、交易对手和基础解释。', 1),
    (100502, '1214_1005', '证券上游犯罪产生收益', '利益输送', '排查客户是否通过大宗交易实施或接受利益输送。', 2),
    (100503, '1214_1005', '证券上游犯罪产生收益', '操纵市场', '排查客户是否通过大宗交易操纵证券价格。', 3),
    (100504, '1214_1005', '非法资金注入', '贪腐、挪用资金、诈骗、非法集资等犯罪', '排查客户是否将犯罪所得注入证券账户，并通过大宗交易清洗资金。', 4),
    (100505, '1214_1005', '利用证券账户从事非法活动', '挪用资金', '排查客户是否通过大宗交易非法侵占公司资产。', 5)
ON DUPLICATE KEY UPDATE
    risk_type = VALUES(risk_type),
    crime_type = VALUES(crime_type),
    risk_point = VALUES(risk_point),
    section_order = VALUES(section_order);

INSERT INTO rule_investigation_step
    (id, section_id, step_code, step_name, step_order, method_text, rule_text, operator_type,
     applicable_client_types, thresholds_json, judgment_basis, manual_review_required, report_field, result_target)
VALUES
    (10050101, 100501, 'STEP_1005_BLOCK_FACT', '确认大宗交易事实', 1,
     '确认被预警的大宗交易时间、标的、买卖方向、交易方式、价格、数量、金额及基础价格偏离情况。',
     '客观陈述预警事项。',
     'OBJECTIVE_DESCRIBE', 'PERSON,ORG,PRODUCT', JSON_OBJECT(),
     '本步骤客观描述，不单独判定疑点。', 0, '可疑行为描述（资金、客户行为）', '概括写入【可疑行为描述】'),

    (10050102, 100501, 'STEP_1005_PRICE_DEVIATION', '查看大宗交易价格偏离', 2,
     '查看成交价格相对前一日收盘价、当日均价或债券估值的偏离。',
     '根据标的类型计算价格偏离。',
     'PRICE_DEVIATION', 'PERSON,ORG,PRODUCT', JSON_OBJECT('metric', 'priceDeviationRate', 'min', 0.08),
     '若价格偏离较大且无法说明合理原因，则存在疑点。', 0, '疑点分析/客户交易情况分析', NULL),

    (10050103, 100501, 'STEP_1005_COUNTERPARTY_RELATION', '确认客户和交易对手关系', 3,
     '确认交易对手是否为我司客户，并核查客户与交易对手是否存在关联或一致行动关系。',
     '交易对手及关联关系核验。',
     'COUNTERPARTY_MATCH', 'PERSON,ORG,PRODUCT', JSON_OBJECT(),
     '若交易对手为我司客户且存在关联关系、固定配对或一致行动特征，则存在疑点。', 0, '疑点分析', NULL),

    (10050104, 100501, 'STEP_1005_PRICE_REASON', '了解价格偏离原因', 4,
     '了解本次大宗交易价格偏离原因，并结合公告、减持、定增、解禁等事件验证解释合理性。',
     '价格偏离原因和外部事件核查。',
     'MANUAL_REVIEW', 'PERSON,ORG,PRODUCT', JSON_OBJECT(),
     '结合客户解释、客户经理核查和外部公告判断价格偏离原因是否合理。', 1, '疑点分析', NULL),

    (10050201, 100502, 'STEP_1005_ROLE_INFERENCE', '判断可能的利益输送角色', 1,
     '结合交易方向和价格偏离方向，判断客户可能是利益输送方还是接受利益输送方。',
     '角色归因由价格偏离明细和报告层共同完成。',
     'PRICE_DEVIATION', 'PERSON,ORG,PRODUCT', JSON_OBJECT('metric', 'priceDeviationRate', 'min', 0.08),
     '高于或低于市场基准的交易方向可辅助判断利益输送角色。', 0, '疑点分析', NULL),

    (10050202, 100502, 'STEP_1005_HISTORY_PATTERN', '查看历史交易习惯', 2,
     '查看客户是否开户后短期内即发生大宗交易，以及开户以来大宗交易笔数和金额占比。',
     '开户至首笔大宗交易间隔期、开户以来大宗交易占比。',
     'TIME_INTERVAL_COMPARE', 'PERSON,ORG,PRODUCT', JSON_OBJECT(),
     '若开户后快速发生大宗交易或大宗交易占比过高，则存在疑点。', 0, '疑点分析/客户交易情况分析', NULL),

    (10050203, 100502, 'STEP_1005_POST_TRADE_EXIT', '查看大宗交易后异常行为', 3,
     '查看客户大宗交易后是否快速清仓、快速转出资金或资金清空后快速销户。',
     '交易后清仓、转出、销户序列核验。',
     'SEQUENCE_PATTERN', 'PERSON,ORG,PRODUCT', JSON_OBJECT(),
     '若客户交易后快速出逃，则存在疑点。', 0, '疑点分析/客户交易情况分析', NULL),

    (10050204, 100502, 'STEP_1005_IDENTITY_BACKGROUND', '查看客户身份背景', 4,
     '查询客户及交易对手年龄、职业、收入、注册资本、关联人职业等身份背景。',
     '身份画像、职业敏感和资产匹配性核验。',
     'PROFILE_RISK_CHECK', 'PERSON,ORG,PRODUCT', JSON_OBJECT(),
     '若身份背景与交易规模或资金来源不匹配，则存在疑点。', 0, '疑点分析', NULL),

    (10050301, 100503, 'STEP_1005_MARKET_VOLUME_SHARE', '查看客户本次交易量占比', 1,
     '查看客户大宗交易日的成交金额在该标的证券当日成交总额中的占比。',
     '客户买入额占标的当日交易额比例。',
     'RATIO_COMPARE', 'PERSON,ORG,PRODUCT', JSON_OBJECT('metric', 'marketVolumeShare', 'min', 0.08),
     '若客户交易占市场成交比例较高，则存在操纵市场疑点。', 0, '疑点分析/客户交易情况分析', NULL),

    (10050302, 100503, 'STEP_1005_MARKET_PRICE_MOVE', '查看标的证券价格走势', 2,
     '查看标的证券在预警大宗交易日当天及后若干日是否被立即大幅拉升或拉低。',
     '短期价格异动偏离度。',
     'PRICE_DEVIATION', 'PERSON,ORG,PRODUCT', JSON_OBJECT('metric', 'shortTermPriceMoveRate', 'min', 0.08),
     '若交易后短期内价格异动明显，则存在疑点。', 0, '疑点分析/客户交易情况分析', NULL),

    (10050401, 100504, 'STEP_1005_SUDDEN_INFLOW', '查看是否突击入账', 1,
     '查看客户在大宗交易前是否短期集中转入大量资金，或开户后直接转入大量资金并实施大宗交易。',
     '短期转入占比和开户至首笔大宗交易间隔期。',
     'RATIO_COMPARE', 'PERSON,ORG,PRODUCT', JSON_OBJECT(),
     '若交易前存在突击入账或开户后快速交易，则存在疑点。', 0, '疑点分析/客户转账情况分析', NULL),

    (10050402, 100504, 'STEP_1005_FUNDS_EXIT', '查看交易后资金出逃', 2,
     '查看客户实施大宗交易后是否短期内全部卖出并转出资金。',
     '交易后清仓和资金转出比例。',
     'SEQUENCE_PATTERN', 'PERSON,ORG,PRODUCT', JSON_OBJECT(),
     '若交易后快速清仓并转出资金，则存在疑点。', 0, '疑点分析/客户转账情况分析', NULL),

    (10050403, 100504, 'STEP_1005_ASSET_IDENTITY_MISMATCH', '结合客户身份查看账户资金规模匹配度', 3,
     '比较客户账户资产总额、近一年净转入额与个人年收入、机构注册资本或产品投资人情况是否匹配。',
     '身份资产不匹配核验。',
     'IDENTITY_ASSET_MISMATCH', 'PERSON,ORG,PRODUCT', JSON_OBJECT('multiple', 10),
     '若账户资产或净转入额显著超过客户身份承载能力，则存在疑点。', 0, '疑点分析/客户转账情况分析', NULL),

    (10050404, 100504, 'STEP_1005_SOURCE_OF_FUNDS', '进一步了解客户资金来源', 4,
     '若资金规模与身份不匹配，进一步调查个人额外收入来源或机构主营业务、经营收入和外部风险情况。',
     '资金来源人工核查。',
     'MANUAL_REVIEW', 'PERSON,ORG,PRODUCT', JSON_OBJECT(),
     '结合回访、风险测评问卷、工商和司法公开信息判断资金来源是否合理。', 1, '疑点分析', NULL),

    (10050501, 100505, 'STEP_1005_EMBEZZLEMENT_RELATION', '确认挪用资金场景下交易双方关系', 1,
     '确认客户与交易对手是否分别为个人与机构，并查看个人是否为关联公司的法定代表人、经办人、受益所有人或实际控制人。',
     '个人与机构关联关系核验。',
     'RELATION_MATCH', 'PERSON,ORG,PRODUCT', JSON_OBJECT(),
     '若个人与机构存在控制或代理关系，则存在挪用资金疑点。', 0, '疑点分析', NULL),

    (10050502, 100505, 'STEP_1005_PERSONAL_PROFIT', '查看个人获利情况', 2,
     '查看个人交易方是否以大幅低于市场价买入或以大幅高于市场价卖出标的资产，以侵占机构利益。',
     '同期市场基准价与大宗成交价差额核验。',
     'PRICE_DEVIATION', 'PERSON,ORG,PRODUCT', JSON_OBJECT('metric', 'marketValueBenefitAmount', 'min', 500000),
     '若个人交易方相对市场基准获利金额较大，则存在疑点。', 0, '疑点分析/客户交易情况分析', NULL)
ON DUPLICATE KEY UPDATE
    step_name = VALUES(step_name),
    step_order = VALUES(step_order),
    method_text = VALUES(method_text),
    rule_text = VALUES(rule_text),
    operator_type = VALUES(operator_type),
    thresholds_json = VALUES(thresholds_json),
    judgment_basis = VALUES(judgment_basis),
    manual_review_required = VALUES(manual_review_required),
    report_field = VALUES(report_field),
    result_target = VALUES(result_target);

INSERT INTO rule_verification_item
    (id, step_id, item_code, item_name, item_order, method_text, rule_text, operator_type,
     applicable_client_types, thresholds_json, judgment_basis, manual_review_required)
VALUES
    (1005010101, 10050101, 'ITEM_1005_BLOCK_FACT', '大宗交易事实描述', 1,
     '确认交易时间、标的、方向、方式、价格、数量、金额。',
     '客观陈述预警事项。', 'OBJECTIVE_DESCRIBE', 'PERSON,ORG,PRODUCT', JSON_OBJECT(),
     '本核验项仅形成事实，不单独判定疑点。', 0),

    (1005010201, 10050102, 'ITEM_1005_PRICE_DEVIATION', '大宗成交价偏离市场基准', 1,
     '计算成交价相对前一日收盘价、当日均价或估值的偏离。',
     '价格偏离率达到阈值。', 'PRICE_DEVIATION', 'PERSON,ORG,PRODUCT',
     JSON_OBJECT('metric', 'priceDeviationRate', 'min', 0.08, 'benchmarkFields', JSON_ARRAY('previousClosePrice', 'marketAveragePrice', 'valuationPrice')),
     '若价格偏离较大且无法说明合理原因，则存在疑点。', 0),

    (1005010301, 10050103, 'ITEM_1005_COUNTERPARTY_IS_CLIENT', '交易对手是否我司客户', 1,
     '查看大宗交易对手是否也是我司客户。',
     '若交易对手为我司客户，则继续执行关联关系核验。', 'COUNTERPARTY_MATCH', 'PERSON,ORG,PRODUCT', JSON_OBJECT('metric', 'counterpartyIsClient'),
     '交易对手为我司客户且存在后续关联特征时，疑点增强。', 0),
    (1005010302, 10050103, 'ITEM_1005_SAME_CONTACT_DEVICE', '相同设备、联系方式或地址', 2,
     '核查客户与交易对手是否有相同设备站点、联系方式或联系地址。',
     '存在任一相同关系特征。', 'RELATION_MATCH', 'PERSON,ORG,PRODUCT', JSON_OBJECT('relationTypes', JSON_ARRAY('SAME_DEVICE', 'SAME_PHONE', 'SAME_ADDRESS')),
     '若存在相同设备、联系方式或地址，则存在疑点。', 0),
    (1005010303, 10050103, 'ITEM_1005_OWNERSHIP_RELATION', '股权、实控人或受益所有人关系', 3,
     '核查机构之间或个人与机构之间是否存在股权、实控人、法定代表人、经办人、受益所有人关系。',
     '存在控制、参股、代理开户或受益所有人关系。', 'RELATION_MATCH', 'PERSON,ORG,PRODUCT', JSON_OBJECT('relationTypes', JSON_ARRAY('OWNERSHIP', 'CONTROLLER', 'LEGAL_REPRESENTATIVE', 'BENEFICIAL_OWNER')),
     '若存在上述关系，则存在疑点。', 0),
    (1005010304, 10050103, 'ITEM_1005_CLOSE_RELATION_MANUAL', '亲属、一致行动或共同司法文书核查', 4,
     '核查亲属、密切关系人、一致行动人、共同司法查冻扣文书等无法稳定自动获取的关系。',
     '转人工核查。', 'MANUAL_REVIEW', 'PERSON,ORG,PRODUCT', JSON_OBJECT(),
     '人工核查确认存在亲属、一致行动或共同司法文书时，存在疑点。', 1),

    (1005010401, 10050104, 'ITEM_1005_PRICE_REASON_MANUAL', '价格偏离原因核查', 1,
     '了解本次大宗交易价格偏离原因。',
     '转人工核查。', 'MANUAL_REVIEW', 'PERSON,ORG,PRODUCT', JSON_OBJECT(),
     '结合客户解释和客户经理核查判断原因是否合理。', 1),
    (1005010402, 10050104, 'ITEM_1005_ANNOUNCEMENT_EVENT_MANUAL', '公告、减持、定增、解禁事件匹配', 2,
     '查询交易标的近一个月公告，核查是否与减持计划、定增、解禁或重大事项匹配。',
     '转人工核查。', 'MANUAL_REVIEW', 'PERSON,ORG,PRODUCT', JSON_OBJECT(),
     '若价格偏离落在敏感公告或应披露未披露事项窗口内，则存在疑点。', 1),

    (1005020101, 10050201, 'ITEM_1005_ROLE_BY_PRICE_DIRECTION', '利益输送角色方向推断', 1,
     '结合买卖方向与价格高低判断可能的利益输送方向。',
     '价格方向和交易方向组合。', 'PRICE_DEVIATION', 'PERSON,ORG,PRODUCT', JSON_OBJECT('metric', 'priceDeviationRate', 'min', 0.08),
     '角色归因结果供报告层组织，不单独替代价格偏离判断。', 0),

    (1005020201, 10050202, 'ITEM_1005_ACCOUNT_TO_FIRST_BLOCK_INTERVAL', '开户至首笔大宗交易间隔期', 1,
     '计算开户日至首笔大宗交易自然日间隔。',
     '个人≤10日，机构/产品≤15日。', 'TIME_INTERVAL_COMPARE', 'PERSON,ORG,PRODUCT', JSON_OBJECT('metric', 'accountToFirstBlockTradeDays', 'maxByClientType', JSON_OBJECT('PERSON', 10, 'ORG', 15, 'PRODUCT', 15)),
     '若开户后短期内快速发生大宗交易，则存在疑点。', 0),
    (1005020202, 10050202, 'ITEM_1005_BLOCK_TRADE_RATIO', '开户以来大宗交易占比', 2,
     '计算开户至监测日大宗交易笔数占比和金额占比。',
     '笔数占比≥80%且金额占比≥80%。', 'RATIO_COMPARE', 'PERSON,ORG,PRODUCT', JSON_OBJECT('countRatioMetric', 'blockTradeCountRatio', 'amountRatioMetric', 'blockTradeAmountRatio', 'min', 0.8),
     '若账户交易几乎以大宗交易为主，则存在疑点。', 0),

    (1005020301, 10050203, 'ITEM_1005_POSITION_CLEARANCE', '大宗交易后快速清仓', 1,
     '统计大宗交易日起至持仓市值≤基准日10%的时间间隔。',
     '股票清空周期≤30个交易日。', 'SEQUENCE_PATTERN', 'PERSON,ORG,PRODUCT', JSON_OBJECT('metric', 'positionClearanceDays', 'max', 30),
     '若交易后短期内快速卖股清仓，则存在疑点。', 0),
    (1005020302, 10050203, 'ITEM_1005_FUNDS_TRANSFER_OUT_RATIO', '股票变现后资金转出比例', 2,
     '计算大宗交易后30个交易日内累计转出资金金额占账户总资产比例。',
     '资金转出比例≥80%。', 'RATIO_COMPARE', 'PERSON,ORG,PRODUCT', JSON_OBJECT('metric', 'postTradeTransferOutRatio', 'min', 0.8),
     '若交易后大额转出资金，则存在疑点。', 0),
    (1005020303, 10050203, 'ITEM_1005_CLOSE_ACCOUNT_AFTER_EMPTY', '资金清空后快速销户', 3,
     '计算资金转出比例≥80%或余额≤1万元至提交销户申请的时间间隔。',
     '时间间隔≤30个交易日。', 'SEQUENCE_PATTERN', 'PERSON,ORG,PRODUCT', JSON_OBJECT('metric', 'emptyToCloseAccountDays', 'max', 30),
     '若资金清空后快速销户，则存在疑点。', 0),

    (1005020401, 10050204, 'ITEM_1005_OCCUPATION_SENSITIVE', '客户职业敏感', 1,
     '核查客户或交易对手是否为公职人员、国企管理人员等敏感职业。',
     '职业敏感度核验。', 'PROFILE_RISK_CHECK', 'PERSON', JSON_OBJECT('metric', 'occupationRisk'),
     '若职业敏感且资金来源无法合理解释，则存在疑点。', 0),
    (1005020402, 10050204, 'ITEM_1005_RELATED_OCCUPATION_SENSITIVE', '关联人职业敏感', 2,
     '核查关联人是否为公职人员或国企管理人员。',
     '关联人职业敏感度核验。', 'RELATION_MATCH', 'PERSON', JSON_OBJECT('relationTypes', JSON_ARRAY('SAME_CONTACT', 'SAME_DEVICE'), 'relatedMetric', 'occupationRisk'),
     '若关联人为敏感职业且资金来源无法合理解释，则存在疑点。', 0),

    (1005030101, 10050301, 'ITEM_1005_MARKET_VOLUME_SHARE', '客户买入额占标的当日交易额比例', 1,
     '计算客户大宗交易日买入额占标的当日市场成交额比例。',
     '个人≥8%，机构/产品≥12%。', 'RATIO_COMPARE', 'PERSON,ORG,PRODUCT', JSON_OBJECT('metric', 'marketVolumeShare', 'minByClientType', JSON_OBJECT('PERSON', 0.08, 'ORG', 0.12, 'PRODUCT', 0.12)),
     '若客户成交额占市场成交额比例较高，则存在疑点。', 0),
    (1005030201, 10050302, 'ITEM_1005_SHORT_TERM_PRICE_MOVE', '短期价格异动偏离度', 1,
     '计算T日或T+1日收盘价相对客户当日买入均价涨跌幅。',
     '涨跌幅≥8%。', 'PRICE_DEVIATION', 'PERSON,ORG,PRODUCT', JSON_OBJECT('metric', 'shortTermPriceMoveRate', 'min', 0.08),
     '若交易后短期价格异动明显，则存在疑点。', 0),

    (1005040101, 10050401, 'ITEM_1005_SHORT_TERM_INFLOW_RATIO', '大宗交易前短期转入占比', 1,
     '计算本次大宗交易前30日净转入金额占近一年净转入额比例。',
     '30日净转入占比≥40%。', 'RATIO_COMPARE', 'PERSON,ORG,PRODUCT', JSON_OBJECT('metric', 'shortTermNetInflowRatio', 'min', 0.4, 'windowDays', 30),
     '若交易前短期转入占比较高，则存在疑点。', 0),
    (1005040102, 10050401, 'ITEM_1005_SHORT_TERM_INFLOW_AMOUNT', '大宗交易前短期净转入金额', 2,
     '计算本次大宗交易前30日净转入金额。',
     '个人≥50万，机构≥100万，产品≥150万。', 'THRESHOLD_COMPARE', 'PERSON,ORG,PRODUCT', JSON_OBJECT('metric', 'shortTermNetInflowAmount', 'minByClientType', JSON_OBJECT('PERSON', 500000, 'ORG', 1000000, 'PRODUCT', 1500000)),
     '若交易前短期净转入金额较大，则存在疑点。', 0),
    (1005040103, 10050401, 'ITEM_1005_ACCOUNT_TO_BLOCK_INTERVAL_FUNDS', '开户至大宗交易间隔期', 3,
     '计算开户日至首个预警大宗交易日间隔。',
     '个人≤10日，机构/产品≤20日。', 'TIME_INTERVAL_COMPARE', 'PERSON,ORG,PRODUCT', JSON_OBJECT('metric', 'accountToBlockTradeDays', 'maxByClientType', JSON_OBJECT('PERSON', 10, 'ORG', 20, 'PRODUCT', 20)),
     '若开户后直接转入大量资金并实施大宗交易，则存在疑点。', 0),

    (1005040201, 10050402, 'ITEM_1005_FUNDS_EXIT_CLEARANCE', '交易后清仓并资金出逃', 1,
     '核查交易后短期内全部卖出并转出资金的组合行为。',
     '清仓与转出序列核验。', 'SEQUENCE_PATTERN', 'PERSON,ORG,PRODUCT', JSON_OBJECT('sequence', JSON_ARRAY('BLOCK_TRADE', 'POSITION_CLEARANCE', 'FUND_TRANSFER_OUT')),
     '若交易后快速清仓并转出资金，则存在疑点。', 0),

    (1005040301, 10050403, 'ITEM_1005_PERSON_ASSET_INCOME_MISMATCH', '个人资产或净转入额与年收入不匹配', 1,
     '比较个人账户资产总额、近一年净转入额与年收入区间最大值。',
     '资产或净转入额≥年收入区间最大值10倍。', 'IDENTITY_ASSET_MISMATCH', 'PERSON', JSON_OBJECT('multiple', 10, 'identityMetric', 'annualIncome'),
     '若资金规模显著超过个人收入承载能力，则存在疑点。', 0),
    (1005040302, 10050403, 'ITEM_1005_ORG_ASSET_CAPITAL_MISMATCH', '机构资产或净转入额与注册资本不匹配', 2,
     '比较机构账户资产总额、近一年净转入额与注册资本。',
     '资产或净转入额≥注册资本10倍。', 'IDENTITY_ASSET_MISMATCH', 'ORG,PRODUCT', JSON_OBJECT('multiple', 10, 'identityMetric', 'registeredCapital'),
     '若资金规模显著超过机构注册资本承载能力，则存在疑点。', 0),
    (1005040401, 10050404, 'ITEM_1005_SOURCE_OF_FUNDS_MANUAL', '资金来源合理性人工核查', 1,
     '调查个人额外收入来源、机构主营业务和经营收入，并查阅风险测评、工商、司法公开信息。',
     '转人工核查。', 'MANUAL_REVIEW', 'PERSON,ORG,PRODUCT', JSON_OBJECT(),
     '若无法确认合理资金来源或存在高风险外部标签，则存在疑点。', 1),

    (1005050101, 10050501, 'ITEM_1005_PERSON_ORG_RELATION', '个人与机构关联关系', 1,
     '核查个人是否为关联公司的法定代表人、经办人、受益所有人或实际控制人。',
     '个人与机构关系匹配。', 'RELATION_MATCH', 'PERSON,ORG,PRODUCT', JSON_OBJECT('relationTypes', JSON_ARRAY('LEGAL_REPRESENTATIVE', 'AGENT', 'BENEFICIAL_OWNER', 'CONTROLLER')),
     '若个人与机构存在控制或代理关系，则存在疑点。', 0),
    (1005050201, 10050502, 'ITEM_1005_PERSONAL_BENEFIT_AMOUNT', '个人相对市场基准获利金额', 1,
     '计算个人以低于市场价买入或高于市场价卖出形成的利益金额。',
     '相对市场基准获利金额≥50万元。', 'PRICE_DEVIATION', 'PERSON,ORG,PRODUCT', JSON_OBJECT('metric', 'marketValueBenefitAmount', 'min', 500000),
     '若个人交易方相对市场基准获利较大，则存在疑点。', 0)
ON DUPLICATE KEY UPDATE
    item_name = VALUES(item_name),
    item_order = VALUES(item_order),
    method_text = VALUES(method_text),
    rule_text = VALUES(rule_text),
    operator_type = VALUES(operator_type),
    applicable_client_types = VALUES(applicable_client_types),
    thresholds_json = VALUES(thresholds_json),
    judgment_basis = VALUES(judgment_basis),
    manual_review_required = VALUES(manual_review_required);

INSERT INTO rule_verification_data_requirement
    (verification_item_id, requirement_code, domain, scope_type, grain, filters_json, fields_json, sample_limit, missing_data_policy)
VALUES
    (1005010101, 'REQ_1005_BLOCK_FACT', 'BlockTrade', 'WARNING_PERIOD', 'DETAIL',
     JSON_OBJECT('tradeMode', 'BLOCK'), JSON_ARRAY('tradeDate', 'tradeTime', 'securityCode', 'securityName', 'direction', 'price', 'quantity', 'amount', 'tradeMode'), 20, 'RETURN_EMPTY_WITH_REASON'),
    (1005010201, 'REQ_1005_BLOCK_PRICE', 'BlockTrade', 'WARNING_PERIOD', 'DETAIL',
     JSON_OBJECT('tradeMode', 'BLOCK'), JSON_ARRAY('tradeDate', 'securityCode', 'direction', 'price', 'quantity', 'amount', 'tradeMode'), 20, 'RETURN_EMPTY_WITH_REASON'),
    (1005010301, 'REQ_1005_COUNTERPARTY_BLOCK', 'BlockTrade', 'WARNING_PERIOD', 'DETAIL',
     JSON_OBJECT('tradeMode', 'BLOCK'), JSON_ARRAY('tradeDate', 'securityCode', 'direction', 'price', 'quantity', 'amount', 'tradeMode'), 20, 'RETURN_EMPTY_WITH_REASON'),
    (1005020101, 'REQ_1005_ROLE_BLOCK_PRICE', 'BlockTrade', 'WARNING_PERIOD', 'DETAIL',
     JSON_OBJECT('tradeMode', 'BLOCK'), JSON_ARRAY('tradeDate', 'securityCode', 'direction', 'price', 'quantity', 'amount', 'tradeMode'), 20, 'RETURN_EMPTY_WITH_REASON'),
    (1005020201, 'REQ_1005_ACCOUNT_TO_BLOCK', 'BlockTrade', 'WARNING_PERIOD', 'DETAIL',
     JSON_OBJECT('tradeMode', 'BLOCK'), JSON_ARRAY('tradeDate', 'securityCode', 'direction', 'tradeMode'), 20, 'RETURN_EMPTY_WITH_REASON'),
    (1005020202, 'REQ_1005_BLOCK_RATIO_TRADES', 'SecurityTrade', 'WARNING_PERIOD', 'DETAIL',
     JSON_OBJECT(), JSON_ARRAY('tradeDate', 'securityCode', 'direction', 'tradeMode', 'amount'), 200, 'RETURN_EMPTY_WITH_REASON'),
    (1005020301, 'REQ_1005_POST_TRADE_SECURITY', 'SecurityTrade', 'WARNING_PERIOD', 'DETAIL',
     JSON_OBJECT(), JSON_ARRAY('tradeDate', 'securityCode', 'direction', 'price', 'quantity', 'amount', 'tradeMode'), 200, 'RETURN_EMPTY_WITH_REASON'),
    (1005020302, 'REQ_1005_POST_TRADE_TRANSFER', 'FundTransfer', 'WARNING_PERIOD', 'DETAIL',
     JSON_OBJECT(), JSON_ARRAY('transferDate', 'direction', 'amount', 'bankName'), 200, 'RETURN_EMPTY_WITH_REASON'),
    (1005020303, 'REQ_1005_CLOSE_ACCOUNT_TRANSFER', 'FundTransfer', 'WARNING_PERIOD', 'DETAIL',
     JSON_OBJECT(), JSON_ARRAY('transferDate', 'direction', 'amount', 'bankName'), 200, 'RETURN_EMPTY_WITH_REASON'),
    (1005020401, 'REQ_1005_PROFILE_OCCUPATION', 'CustomerProfile', 'ALERT_DETAIL', 'ACCOUNT_SUMMARY',
     JSON_OBJECT(), JSON_ARRAY('clientId', 'clientType', 'age', 'occupation', 'annualIncome', 'registeredCapital'), 1, 'RETURN_EMPTY_WITH_REASON'),
    (1005030101, 'REQ_1005_VOLUME_SHARE_BLOCK', 'BlockTrade', 'WARNING_PERIOD', 'DETAIL',
     JSON_OBJECT('tradeMode', 'BLOCK'), JSON_ARRAY('tradeDate', 'securityCode', 'direction', 'amount', 'tradeMode'), 20, 'RETURN_EMPTY_WITH_REASON'),
    (1005030201, 'REQ_1005_SHORT_PRICE_MOVE', 'BlockTrade', 'WARNING_PERIOD', 'DETAIL',
     JSON_OBJECT('tradeMode', 'BLOCK'), JSON_ARRAY('tradeDate', 'securityCode', 'price', 'amount', 'tradeMode'), 20, 'RETURN_EMPTY_WITH_REASON'),
    (1005040101, 'REQ_1005_SHORT_INFLOW_TRANSFER', 'FundTransfer', 'WARNING_PERIOD', 'DETAIL',
     JSON_OBJECT(), JSON_ARRAY('transferDate', 'direction', 'amount', 'bankName'), 365, 'RETURN_EMPTY_WITH_REASON'),
    (1005040102, 'REQ_1005_SHORT_INFLOW_AMOUNT', 'FundTransfer', 'WARNING_PERIOD', 'DETAIL',
     JSON_OBJECT(), JSON_ARRAY('transferDate', 'direction', 'amount', 'bankName'), 365, 'RETURN_EMPTY_WITH_REASON'),
    (1005040103, 'REQ_1005_ACCOUNT_TO_BLOCK_FUNDS', 'BlockTrade', 'WARNING_PERIOD', 'DETAIL',
     JSON_OBJECT('tradeMode', 'BLOCK'), JSON_ARRAY('tradeDate', 'securityCode', 'direction', 'amount', 'tradeMode'), 20, 'RETURN_EMPTY_WITH_REASON'),
    (1005040201, 'REQ_1005_FUNDS_EXIT_TRANSFER', 'FundTransfer', 'WARNING_PERIOD', 'DETAIL',
     JSON_OBJECT(), JSON_ARRAY('transferDate', 'direction', 'amount', 'bankName'), 200, 'RETURN_EMPTY_WITH_REASON'),
    (1005040201, 'REQ_1005_FUNDS_EXIT_TRADE', 'SecurityTrade', 'WARNING_PERIOD', 'DETAIL',
     JSON_OBJECT(), JSON_ARRAY('tradeDate', 'securityCode', 'direction', 'price', 'quantity', 'amount', 'tradeMode'), 200, 'RETURN_EMPTY_WITH_REASON'),
    (1005040301, 'REQ_1005_PERSON_PROFILE_ASSET', 'CustomerProfile', 'ALERT_DETAIL', 'ACCOUNT_SUMMARY',
     JSON_OBJECT(), JSON_ARRAY('clientId', 'clientType', 'age', 'occupation', 'annualIncome'), 1, 'RETURN_EMPTY_WITH_REASON'),
    (1005040302, 'REQ_1005_ORG_PROFILE_CAPITAL', 'CustomerProfile', 'ALERT_DETAIL', 'ACCOUNT_SUMMARY',
     JSON_OBJECT(), JSON_ARRAY('clientId', 'clientType', 'registeredCapital'), 1, 'RETURN_EMPTY_WITH_REASON'),
    (1005050201, 'REQ_1005_PERSONAL_PROFIT_BLOCK', 'BlockTrade', 'WARNING_PERIOD', 'DETAIL',
     JSON_OBJECT('tradeMode', 'BLOCK'), JSON_ARRAY('tradeDate', 'securityCode', 'direction', 'price', 'quantity', 'amount', 'tradeMode'), 20, 'RETURN_EMPTY_WITH_REASON')
ON DUPLICATE KEY UPDATE
    domain = VALUES(domain),
    scope_type = VALUES(scope_type),
    grain = VALUES(grain),
    filters_json = VALUES(filters_json),
    fields_json = VALUES(fields_json),
    sample_limit = VALUES(sample_limit),
    missing_data_policy = VALUES(missing_data_policy);
